harvest_year,plot,fertilizer_code,fym_factor_level,fym_date,n_factor_level,spring1_n_kg,spring1_n_date,spring2_n_kg,spring2_n_date,spring3_n_kg,spring3_n_date,total_fertilizer_n_amount,p_factor_level,p_date,k_factor_level,k_date,mg_factor_level,mg_date,sow_date,harvest_date,cultivar,area_ha,grain_yield,straw_yield,grain_%_n,straw_%_n,grain_kgN,straw_kgN,note
2001,2.1,FYM N2,FYM,04/10/2000,N2,96,04/05/2001,*,*,*,*,96,nil,*,nil,*,nil,*,16/01/2001,23/08/2001,Hereward,0.007,4.58,3.63,2.055,0.446,80.001,13.761,*
2002,2.1,FYM N2,FYM,12/09/2001,N2,96,24/04/2002,*,*,*,*,96,nil,*,nil,*,nil,*,28/09/2001,14/08/2002,Hereward,0.006,7.67,3.54,1.79,0.39,116.699,11.735,*
2003,2.1,FYM N2,FYM,02/10/2002,N2,96,15/04/2003,*,*,*,*,96,nil,*,nil,*,nil,*,04/10/2002,05/08/2003,Hereward,0.004,7.4,4.33,1.98,0.34,124.542,12.514,4
2004,2.1,FYM N2,FYM,25/09/2003,N2,96,07/05/2004,*,*,*,*,96,nil,*,nil,*,nil,*,30/09/2003,02/09/2004,Hereward,0.004,6.09,2.62,1.88,0.48,97.318,10.69,4
2005,2.1,FYM N3,FYM,18/10/2004,N3,144,14/04/2005,*,*,*,*,144,nil,*,nil,*,nil,*,05/11/2004,10/08/2005,Hereward,0.006,7.51,4.16,2.14,0.39,136.607,13.79,*
2006,2.1,FYM N3,FYM,28/09/2005,N3,144,20/04/2006,*,*,*,*,144,nil,*,nil,*,nil,*,11/10/2005,23/08/2006,Hereward,0.006,7.85,6.24,2.34,0.53,156.136,28.111,*
2007,2.1,FYM N3,FYM,04/10/2006,N3,144,24/04/2007,*,*,*,*,144,nil,*,nil,*,nil,*,01/11/2006,26/08/2007,Hereward,0.006,6.21,2.21,2.23,0.65,117.711,12.21,*
2008,2.1,FYM N3,FYM,10/10/2007,N3,144,17/04/2008,*,*,*,*,144,nil,*,nil,*,nil,*,15/10/2007,26/08/2008,Hereward,0.006,7.5,4.12,2.063,0.513,131.516,17.965,*
2009,2.1,FYM N3,FYM,02/10/2008,N3,144,21/04/2009,*,*,*,*,144,nil,*,nil,*,nil,*,17/10/2008,14/08/2009,Hereward,0.006,7.62,4.34,2.258,0.492,146.251,18.15,*
2010,2.1,FYM N3,FYM,17/09/2009,N3,144,20/04/2010,*,*,*,*,144,nil,*,nil,*,nil,*,13/10/2009,31/08/2010,Hereward,0.006,5.89,3.4,2.462,0.468,123.26,13.525,*
2011,2.1,FYM N3,FYM,08/10/2010,N3,144,13/04/2011,*,*,*,*,144,nil,*,nil,*,nil,*,19/10/2010,15/08/2011,Hereward,0.006,7.37,3.1,2.486,0.646,155.735,17.022,*
2012,2.1,FYM N3,FYM,28/09/2011,N3,144,17/04/2012,*,*,*,*,144,nil,*,nil,*,nil,*,11/10/2011,20/08/2012,Hereward,0.006,6.52,4.3,2.268,0.774,125.693,28.29,*
2013,2.1,FYM N3,FYM,03/10/2012,N3,144,24/04/2013,*,*,*,*,144,nil,*,nil,*,nil,*,22/02/2013,29/08/2013,Crusoe,0.006,5.95,2.65,2.603,0.535,131.647,12.051,*
2014,2.1,FYM N3,FYM,02/10/2013,N3,144,03/04/2014,*,*,*,*,144,nil,*,nil,*,nil,*,18/10/2013,20/08/2014,Crusoe,0.006,7.05,4.97,1.985,0.496,118.951,20.954,*
2015,2.1,FYM N3,FYM,03/10/2014,N3,144,17/04/2015,*,*,*,*,144,nil,*,nil,*,nil,*,09/03/2015,26/09/2015,Mulika,0.006,6.75,4.22,2.661,0.66,152.675,23.674,3
2001,2.2,FYM,FYM,04/10/2000,nil,*,*,*,*,*,*,0,nil,*,nil,*,nil,*,16/01/2001,23/08/2001,Hereward,0.007,2.17,1.87,2.211,0.466,40.782,7.407,*
2002,2.2,FYM,FYM,12/09/2001,nil,*,*,*,*,*,*,0,nil,*,nil,*,nil,*,28/09/2001,14/08/2002,Hereward,0.006,5.45,2.74,1.49,0.29,69.024,6.754,*
2003,2.2,FYM,FYM,02/10/2002,nil,*,*,*,*,*,*,0,nil,*,nil,*,nil,*,04/10/2002,05/08/2003,Hereward,0.006,5.07,3.71,1.56,0.26,67.228,8.199,*
2004,2.2,FYM,FYM,25/09/2003,nil,*,*,*,*,*,*,0,nil,*,nil,*,nil,*,30/09/2003,02/09/2004,Hereward,0.006,4.04,2.36,2.38,0.39,81.729,7.823,*
2005,2.2,FYM,FYM,18/10/2004,nil,*,*,*,*,*,*,0,nil,*,nil,*,nil,*,05/11/2004,10/08/2005,Hereward,0.006,4.18,1.81,1.69,0.27,60.046,4.154,*
2006,2.2,FYM,FYM,28/09/2005,nil,*,*,*,*,*,*,0,nil,*,nil,*,nil,*,11/10/2005,23/08/2006,Hereward,0.006,5.65,4.7,1.67,0.28,80.202,11.186,*
2007,2.2,FYM,FYM,04/10/2006,nil,*,*,*,*,*,*,0,nil,*,nil,*,nil,*,01/11/2006,26/08/2007,Hereward,0.006,3.94,1.93,1.81,0.47,60.617,7.71,*
2008,2.2,FYM,FYM,10/10/2007,nil,*,*,*,*,*,*,0,nil,*,nil,*,nil,*,15/10/2007,26/08/2008,Hereward,0.006,5.02,2.19,1.796,0.381,76.635,7.092,*
2009,2.2,FYM,FYM,02/10/2008,nil,*,*,*,*,*,*,0,nil,*,nil,*,nil,*,17/10/2008,14/08/2009,Hereward,0.006,5.56,4.4,1.632,0.318,77.128,11.893,*
2010,2.2,FYM,FYM,17/09/2009,nil,*,*,*,*,*,*,0,nil,*,nil,*,nil,*,13/10/2009,31/08/2010,Hereward,0.006,3.79,2.15,1.643,0.28,52.929,5.117,*
2011,2.2,FYM,FYM,08/10/2010,nil,*,*,*,*,*,*,0,nil,*,nil,*,nil,*,19/10/2010,15/08/2011,Hereward,0.006,5.89,2.22,1.828,0.41,91.519,7.737,*
2012,2.2,FYM,FYM,28/09/2011,nil,*,*,*,*,*,*,0,nil,*,nil,*,nil,*,11/10/2011,20/08/2012,Hereward,0.006,5.09,4.3,1.554,0.481,67.234,17.581,*
2013,2.2,FYM,FYM,03/10/2012,nil,*,*,*,*,*,*,0,nil,*,nil,*,nil,*,22/02/2013,29/08/2013,Crusoe,0.006,4.84,1.69,2.237,0.372,92.03,5.344,*
2014,2.2,FYM,FYM,02/10/2013,nil,*,*,*,*,*,*,0,nil,*,nil,*,nil,*,18/10/2013,20/08/2014,Crusoe,0.006,4.2,3.15,1.444,0.307,51.551,8.22,*
2015,2.2,FYM,FYM,03/10/2014,nil,*,*,*,*,*,*,0,nil,*,nil,*,nil,*,09/03/2015,26/09/2015,Mulika,0.006,6.55,3.11,2.031,0.453,113.076,11.975,3
2001,3,Nil,nil,*,nil,*,*,*,*,*,*,0,nil,*,nil,*,nil,*,16/01/2001,23/08/2001,Hereward,0.007,0.39,0.48,2.113,0.461,7.005,1.881,*
2002,3,Nil,nil,*,nil,*,*,*,*,*,*,0,nil,*,nil,*,nil,*,28/09/2001,14/08/2002,Hereward,0.006,0.47,0.13,1.27,0.39,5.074,0.431,*
2003,3,Nil,nil,*,nil,*,*,*,*,*,*,0,nil,*,nil,*,nil,*,04/10/2002,05/08/2003,Hereward,0.006,1.01,0.24,1.44,0.28,12.362,0.571,*
2004,3,Nil,nil,*,nil,*,*,*,*,*,*,0,nil,*,nil,*,nil,*,30/09/2003,02/09/2004,Hereward,0.006,0.71,0.11,1.44,0.39,8.69,0.365,*
2005,3,Nil,nil,*,nil,*,*,*,*,*,*,0,nil,*,nil,*,nil,*,05/11/2004,10/08/2005,Hereward,0.006,1.05,0.23,1.58,0.26,14.101,0.508,*
2006,3,Nil,nil,*,nil,*,*,*,*,*,*,0,nil,*,nil,*,nil,*,11/10/2005,23/08/2006,Hereward,0.006,1.12,0.41,1.68,0.29,15.994,1.011,*
2007,3,Nil,nil,*,nil,*,*,*,*,*,*,0,nil,*,nil,*,nil,*,01/11/2006,26/08/2007,Hereward,0.006,0.85,0.16,1.85,0.48,13.366,0.653,*
2008,3,Nil,nil,*,nil,*,*,*,*,*,*,0,nil,*,nil,*,nil,*,15/10/2007,26/08/2008,Hereward,0.006,0.03,0.01,1.892,0.436,0.482,0.037,*
2009,3,Nil,nil,*,nil,*,*,*,*,*,*,0,nil,*,nil,*,nil,*,17/10/2008,14/08/2009,Hereward,0.006,2.05,0.84,1.768,0.34,30.807,2.428,*
2010,3,Nil,nil,*,nil,*,*,*,*,*,*,0,nil,*,nil,*,nil,*,13/10/2009,31/08/2010,Hereward,0.006,1.02,0.33,1.681,0.293,14.574,0.822,*
2011,3,Nil,nil,*,nil,*,*,*,*,*,*,0,nil,*,nil,*,nil,*,19/10/2010,15/08/2011,Hereward,0.006,1.11,0.27,1.866,0.391,17.606,0.897,*
2012,3,Nil,nil,*,nil,*,*,*,*,*,*,0,nil,*,nil,*,nil,*,11/10/2011,20/08/2012,Hereward,0.006,0.54,0.15,1.78,0.431,8.17,0.55,*
2013,3,Nil,nil,*,nil,*,*,*,*,*,*,0,nil,*,nil,*,nil,*,22/02/2013,29/08/2013,Crusoe,0.006,1.6,0.34,2.129,0.371,28.954,1.072,*
2014,3,Nil,nil,*,nil,*,*,*,*,*,*,0,nil,*,nil,*,nil,*,18/10/2013,20/08/2014,Crusoe,0.006,1.37,0.7,1.426,0.324,16.606,1.928,*
2015,3,Nil,nil,*,nil,*,*,*,*,*,*,0,nil,*,nil,*,nil,*,09/03/2015,26/09/2015,Mulika,0.006,1.45,0.69,2.066,0.415,25.463,2.434,3
2001,5,(P)KMg,nil,*,nil,*,*,*,*,*,*,0,(P),*,K,04/10/2000,Mg,04/10/2000,16/01/2001,23/08/2001,Hereward,0.007,0.43,0.45,1.984,0.476,7.252,1.821,*
2002,5,(P)KMg,nil,*,nil,*,*,*,*,*,*,0,(P),*,K,12/09/2001,Mg,12/09/2001,28/09/2001,14/08/2002,Hereward,0.006,0.41,0.11,1.27,0.35,4.426,0.327,*
2003,5,(P)KMg,nil,*,nil,*,*,*,*,*,*,0,(P),*,K,01/10/2002,Mg,01/10/2002,04/10/2002,05/08/2003,Hereward,0.006,1.49,0.79,1.37,0.26,17.351,1.746,*
2004,5,(P)KMg,nil,*,nil,*,*,*,*,*,*,0,(P),*,K,23/09/2003,Mg,23/09/2003,30/09/2003,02/09/2004,Hereward,0.006,1.11,0.28,1.37,0.29,12.926,0.69,*
2005,5,(P)KMg,nil,*,nil,*,*,*,*,*,*,0,(P),*,K,13/10/2004,Mg,13/10/2004,05/11/2004,10/08/2005,Hereward,0.006,1.09,0.16,1.6,0.28,14.824,0.381,*
2006,5,(P)KMg,nil,*,nil,*,*,*,*,*,*,0,(P),*,K,28/09/2005,Mg,28/09/2005,11/10/2005,23/08/2006,Hereward,0.006,1.26,0.29,1.6,0.31,17.136,0.764,*
2007,5,(P)KMg,nil,*,nil,*,*,*,*,*,*,0,(P),*,K,09/10/2006,Mg,09/10/2006,01/11/2006,26/08/2007,Hereward,0.006,1.05,0.23,1.74,0.4,15.529,0.782,*
2008,5,(P)KMg,nil,*,nil,*,*,*,*,*,*,0,(P),*,K,01/10/2007,Mg,01/10/2007,15/10/2007,26/08/2008,Hereward,0.006,0.68,0.07,1.629,0.398,9.416,0.237,*
2009,5,(P)KMg,nil,*,nil,*,*,*,*,*,*,0,(P),*,K,29/09/2008,Mg,29/09/2008,17/10/2008,14/08/2009,Hereward,0.006,1.71,0.86,1.624,0.272,23.605,1.988,*
2010,5,(P)KMg,nil,*,nil,*,*,*,*,*,*,0,(P),*,K,14/09/2009,Mg,14/09/2009,13/10/2009,31/08/2010,Hereward,0.006,1.25,0.34,1.441,0.263,15.311,0.76,*
2011,5,(P)KMg,nil,*,nil,*,*,*,*,*,*,0,(P),*,K,07/10/2010,Mg,07/10/2010,19/10/2010,15/08/2011,Hereward,0.006,1.8,0.57,1.735,0.345,26.546,1.672,*
2012,5,(P)KMg,nil,*,nil,*,*,*,*,*,*,0,(P),*,K,27/09/2011,Mg,27/09/2011,11/10/2011,20/08/2012,Hereward,0.006,1.21,0.17,1.502,0.411,15.448,0.594,*
2013,5,(P)KMg,nil,*,nil,*,*,*,*,*,*,0,(P),*,K,28/09/2012,Mg,28/09/2012,22/02/2013,29/08/2013,Crusoe,0.006,1.95,0.48,1.896,0.338,31.426,1.379,*
2014,5,(P)KMg,nil,*,nil,*,*,*,*,*,*,0,(P),*,K,30/09/2013,Mg,30/09/2013,18/10/2013,20/08/2014,Crusoe,0.006,1.47,0.62,1.432,0.303,17.893,1.597,*
2015,5,(P)KMg,nil,*,nil,*,*,*,*,*,*,0,(P),*,K,02/10/2014,Mg,02/10/2014,09/03/2015,26/09/2015,Mulika,0.006,1.58,0.6,1.82,0.394,24.443,2.009,3
2001,6,N1(P)KMg,nil,*,N1,48,04/05/2001,*,*,*,*,48,(P),*,K,04/10/2000,Mg,04/10/2000,16/01/2001,23/08/2001,Hereward,0.007,2.32,2.22,1.78,0.392,35.102,7.397,*
2002,6,N1(P)KMg,nil,*,N1,48,24/04/2002,*,*,*,*,48,(P),*,K,12/09/2001,Mg,12/09/2001,28/09/2001,14/08/2002,Hereward,0.006,1.51,0.7,1.43,0.49,18.354,2.915,*
2003,6,N1(P)KMg,nil,*,N1,48,15/04/2003,*,*,*,*,48,(P),*,K,01/10/2002,Mg,01/10/2002,04/10/2002,05/08/2003,Hereward,0.006,4.27,1.98,1.54,0.3,55.894,5.049,*
2004,6,N1(P)KMg,nil,*,N1,48,07/05/2004,*,*,*,*,48,(P),*,K,23/09/2003,Mg,23/09/2003,30/09/2003,02/09/2004,Hereward,0.006,2.84,1.5,1.58,0.49,38.141,6.247,*
2005,6,N1(P)KMg,nil,*,N1,48,14/04/2005,*,*,*,*,48,(P),*,K,13/10/2004,Mg,13/10/2004,05/11/2004,10/08/2005,Hereward,0.006,3.27,0.88,1.36,0.26,37.801,1.945,*
2006,6,N1(P)KMg,nil,*,N1,48,20/04/2006,*,*,*,*,48,(P),*,K,28/09/2005,Mg,28/09/2005,11/10/2005,23/08/2006,Hereward,0.006,3.19,1.22,1.52,0.3,41.215,3.111,*
2007,6,N1(P)KMg,nil,*,N1,48,24/04/2007,*,*,*,*,48,(P),*,K,09/10/2006,Mg,09/10/2006,01/11/2006,26/08/2007,Hereward,0.006,2.02,0.33,1.71,0.46,29.361,1.29,*
2008,6,N1(P)KMg,nil,*,N1,48,17/04/2008,*,*,*,*,48,(P),*,K,01/10/2007,Mg,01/10/2007,15/10/2007,26/08/2008,Hereward,0.006,3.75,1.63,1.48,0.321,47.175,4.447,*
2009,6,N1(P)KMg,nil,*,N1,48,21/04/2009,*,*,*,*,48,(P),*,K,29/09/2008,Mg,29/09/2008,17/10/2008,14/08/2009,Hereward,0.006,2.67,1.17,2.015,0.411,45.73,4.087,*
2010,6,N1(P)KMg,nil,*,N1,48,20/04/2010,*,*,*,*,48,(P),*,K,14/09/2009,Mg,14/09/2009,13/10/2009,31/08/2010,Hereward,0.006,3.74,1.47,1.618,0.292,51.436,3.649,*
2011,6,N1(P)KMg,nil,*,N1,48,13/04/2011,*,*,*,*,48,(P),*,K,07/10/2010,Mg,07/10/2010,19/10/2010,15/08/2011,Hereward,0.006,2.62,1.03,2.292,0.553,51.043,4.842,*
2012,6,N1(P)KMg,nil,*,N1,48,17/04/2012,*,*,*,*,48,(P),*,K,27/09/2011,Mg,27/09/2011,11/10/2011,20/08/2012,Hereward,0.006,3.32,1.44,1.494,0.371,42.161,4.541,*
2013,6,N1(P)KMg,nil,*,N1,48,24/04/2013,*,*,*,*,48,(P),*,K,28/09/2012,Mg,28/09/2012,22/02/2013,29/08/2013,Crusoe,0.006,3.58,1.12,1.976,0.319,60.13,3.037,*
2014,6,N1(P)KMg,nil,*,N1,48,03/04/2014,*,*,*,*,48,(P),*,K,30/09/2013,Mg,30/09/2013,18/10/2013,20/08/2014,Crusoe,0.006,3.29,1.9,1.246,0.286,34.844,4.619,*
2015,6,N1(P)KMg,nil,*,N1,48,17/04/2015,*,*,*,*,48,(P),*,K,02/10/2014,Mg,02/10/2014,09/03/2015,26/09/2015,Mulika,0.006,3.47,1.56,1.76,0.412,51.911,5.463,3
2001,7,N2(P)KMg,nil,*,N2,96,04/05/2001,*,*,*,*,96,(P),*,K,04/10/2000,Mg,04/10/2000,16/01/2001,23/08/2001,Hereward,0.007,2.86,2.33,2.059,0.464,50.054,9.19,*
2002,7,N2(P)KMg,nil,*,N2,96,24/04/2002,*,*,*,*,96,(P),*,K,12/09/2001,Mg,12/09/2001,28/09/2001,14/08/2002,Hereward,0.006,2.72,1.49,1.59,0.44,36.761,5.573,*
2003,7,N2(P)KMg,nil,*,N2,96,15/04/2003,*,*,*,*,96,(P),*,K,01/10/2002,Mg,01/10/2002,04/10/2002,05/08/2003,Hereward,0.006,6.64,2.92,1.73,0.34,97.641,8.439,*
2004,7,N2(P)KMg,nil,*,N2,96,07/05/2004,*,*,*,*,96,(P),*,K,23/09/2003,Mg,23/09/2003,30/09/2003,02/09/2004,Hereward,0.006,4.09,1.32,2.12,0.38,73.702,4.264,*
2005,7,N2(P)KMg,nil,*,N2,96,14/04/2005,*,*,*,*,96,(P),*,K,13/10/2004,Mg,13/10/2004,05/11/2004,10/08/2005,Hereward,0.006,5.12,1.67,1.63,0.38,70.938,5.394,*
2006,7,N2(P)KMg,nil,*,N2,96,20/04/2006,*,*,*,*,96,(P),*,K,28/09/2005,Mg,28/09/2005,11/10/2005,23/08/2006,Hereward,0.006,5.59,2.59,1.63,0.34,77.449,7.485,*
2007,7,N2(P)KMg,nil,*,N2,96,24/04/2007,*,*,*,*,96,(P),*,K,09/10/2006,Mg,09/10/2006,01/11/2006,26/08/2007,Hereward,0.006,3.22,0.84,1.87,0.52,51.182,3.713,*
2008,7,N2(P)KMg,nil,*,N2,96,17/04/2008,*,*,*,*,96,(P),*,K,01/10/2007,Mg,01/10/2007,15/10/2007,26/08/2008,Hereward,0.006,5.89,2.49,1.633,0.33,81.756,6.984,*
2009,7,N2(P)KMg,nil,*,N2,96,21/04/2009,*,*,*,*,96,(P),*,K,29/09/2008,Mg,29/09/2008,17/10/2008,14/08/2009,Hereward,0.006,3.83,1.81,2.402,0.412,78.197,6.339,*
2010,7,N2(P)KMg,nil,*,N2,96,20/04/2010,*,*,*,*,96,(P),*,K,14/09/2009,Mg,14/09/2009,13/10/2009,31/08/2010,Hereward,0.006,5.85,2.3,1.908,0.323,94.875,6.315,*
2011,7,N2(P)KMg,nil,*,N2,96,13/04/2011,*,*,*,*,96,(P),*,K,07/10/2010,Mg,07/10/2010,19/10/2010,15/08/2011,Hereward,0.006,4.43,1.72,2.467,0.58,92.895,8.48,*
2012,7,N2(P)KMg,nil,*,N2,96,17/04/2012,*,*,*,*,96,(P),*,K,27/09/2011,Mg,27/09/2011,11/10/2011,20/08/2012,Hereward,0.006,5.19,2.31,1.599,0.404,70.54,7.933,*
2013,7,N2(P)KMg,nil,*,N2,96,24/04/2013,*,*,*,*,96,(P),*,K,28/09/2012,Mg,28/09/2012,22/02/2013,29/08/2013,Crusoe,0.006,5.23,1.77,1.842,0.333,81.886,5.01,*
2014,7,N2(P)KMg,nil,*,N2,96,03/04/2014,*,*,*,*,96,(P),*,K,30/09/2013,Mg,30/09/2013,18/10/2013,20/08/2014,Crusoe,0.006,4.71,2.57,1.446,0.308,57.891,6.728,*
2015,7,N2(P)KMg,nil,*,N2,96,17/04/2015,*,*,*,*,96,(P),*,K,02/10/2014,Mg,02/10/2014,09/03/2015,26/09/2015,Mulika,0.006,5.08,2.5,1.927,0.397,83.208,8.436,3
2001,8,N3(P)KMg,nil,*,N3,144,04/05/2001,*,*,*,*,144,(P),*,K,04/10/2000,Mg,04/10/2000,16/01/2001,23/08/2001,Hereward,0.007,3.63,2.78,2.072,0.491,63.932,11.602,*
2002,8,N3(P)KMg,nil,*,N3,144,24/04/2002,*,*,*,*,144,(P),*,K,12/09/2001,Mg,12/09/2001,28/09/2001,14/08/2002,Hereward,0.006,3.08,1.63,1.89,0.59,49.48,8.174,*
2003,8,N3(P)KMg,nil,*,N3,144,15/04/2003,*,*,*,*,144,(P),*,K,01/10/2002,Mg,01/10/2002,04/10/2002,05/08/2003,Hereward,0.006,6.9,2.96,2.05,0.4,120.232,10.064,*
2004,8,N3(P)KMg,nil,*,N3,144,07/05/2004,*,*,*,*,144,(P),*,K,23/09/2003,Mg,23/09/2003,30/09/2003,02/09/2004,Hereward,0.006,4.5,1.6,2.24,0.43,85.68,5.848,*
2005,8,N3(P)KMg,nil,*,N3,144,14/04/2005,*,*,*,*,144,(P),*,K,13/10/2004,Mg,13/10/2004,05/11/2004,10/08/2005,Hereward,0.006,5.82,1.69,1.88,0.4,93.004,5.746,*
2006,8,N3(P)KMg,nil,*,N3,144,20/04/2006,*,*,*,*,144,(P),*,K,28/09/2005,Mg,28/09/2005,11/10/2005,23/08/2006,Hereward,0.006,6.17,2.9,1.97,0.41,103.317,10.106,*
2007,8,N3(P)KMg,nil,*,N3,144,24/04/2007,*,*,*,*,144,(P),*,K,09/10/2006,Mg,09/10/2006,01/11/2006,26/08/2007,Hereward,0.006,3.12,0.81,2,0.65,53.04,4.475,*
2008,8,N3(P)KMg,nil,*,N3,144,17/04/2008,*,*,*,*,144,(P),*,K,01/10/2007,Mg,01/10/2007,15/10/2007,26/08/2008,Hereward,0.006,6.46,2.81,1.834,0.381,100.705,9.1,*
2009,8,N3(P)KMg,nil,*,N3,144,21/04/2009,*,*,*,*,144,(P),*,K,29/09/2008,Mg,29/09/2008,17/10/2008,14/08/2009,Hereward,0.006,3.63,1.74,2.654,0.484,81.889,7.158,*
2010,8,N3(P)KMg,nil,*,N3,144,20/04/2010,*,*,*,*,144,(P),*,K,14/09/2009,Mg,14/09/2009,13/10/2009,31/08/2010,Hereward,0.006,6.09,2.54,2.115,0.416,109.483,8.981,*
2011,8,N3(P)KMg,nil,*,N3,144,13/04/2011,*,*,*,*,144,(P),*,K,07/10/2010,Mg,07/10/2010,19/10/2010,15/08/2011,Hereward,0.006,4.12,1.19,2.791,0.706,97.741,7.141,*
2012,8,N3(P)KMg,nil,*,N3,144,17/04/2012,*,*,*,*,144,(P),*,K,27/09/2011,Mg,27/09/2011,11/10/2011,20/08/2012,Hereward,0.006,6.37,3.67,1.752,0.473,94.862,14.755,*
2013,8,N3(P)KMg,nil,*,N3,144,24/04/2013,*,*,*,*,144,(P),*,K,28/09/2012,Mg,28/09/2012,22/02/2013,29/08/2013,Crusoe,0.006,5.95,2.59,1.824,0.343,92.249,7.551,*
2014,8,N3(P)KMg,nil,*,N3,144,03/04/2014,*,*,*,*,144,(P),*,K,30/09/2013,Mg,30/09/2013,18/10/2013,20/08/2014,Crusoe,0.006,5.91,3.27,1.732,0.373,87.007,10.368,*
2015,8,N3(P)KMg,nil,*,N3,144,17/04/2015,*,*,*,*,144,(P),*,K,02/10/2014,Mg,02/10/2014,09/03/2015,26/09/2015,Mulika,0.006,6.05,3.33,1.955,0.406,100.536,11.492,3
2001,9,N4(P)KMg,nil,*,N4,192,04/05/2001,*,*,*,*,192,(P),*,K,04/10/2000,Mg,04/10/2000,16/01/2001,23/08/2001,Hereward,0.007,4.89,2.85,2.437,0.635,101.294,15.383,*
2002,9,N4(P)KMg,nil,*,N4,192,24/04/2002,*,*,*,*,192,(P),*,K,12/09/2001,Mg,12/09/2001,28/09/2001,14/08/2002,Hereward,0.006,5.73,2.31,1.98,0.58,96.436,11.388,*
2003,9,N4(P)KMg,nil,*,N4,192,15/04/2003,*,*,*,*,192,(P),*,K,01/10/2002,Mg,01/10/2002,04/10/2002,05/08/2003,Hereward,0.006,6.72,2.8,2.48,0.53,141.658,12.614,*
2004,9,N4(P)KMg,nil,*,N4,192,07/05/2004,*,*,*,*,192,(P),*,K,23/09/2003,Mg,23/09/2003,30/09/2003,02/09/2004,Hereward,0.006,5.78,2.02,2.6,0.54,127.738,9.272,*
2005,9,N4(P)KMg,nil,*,N4,192,14/04/2005,*,*,*,*,192,(P),*,K,13/10/2004,Mg,13/10/2004,05/11/2004,10/08/2005,Hereward,0.006,7.1,2.57,2.09,0.54,126.131,11.796,*
2006,9,N4(P)KMg,nil,*,N4,192,20/04/2006,*,*,*,*,192,(P),*,K,28/09/2005,Mg,28/09/2005,11/10/2005,23/08/2006,Hereward,0.006,7.31,3.43,2.16,0.5,134.212,14.578,*
2007,9,N4(P)KMg,nil,*,N4,192,24/04/2007,*,*,*,*,192,(P),*,K,09/10/2006,Mg,09/10/2006,01/11/2006,26/08/2007,Hereward,0.006,4.93,1.62,2.31,0.69,96.801,9.501,*
2008,9,N4(P)KMg,nil,*,N4,192,17/04/2008,*,*,*,*,192,(P),*,K,01/10/2007,Mg,01/10/2007,15/10/2007,26/08/2008,Hereward,0.006,7.73,3.88,2.141,0.528,140.674,17.413,*
2009,9,N4(P)KMg,nil,*,N4,192,21/04/2009,*,*,*,*,192,(P),*,K,29/09/2008,Mg,29/09/2008,17/10/2008,14/08/2009,Hereward,0.006,3.86,1.79,2.794,0.558,91.671,8.49,*
2010,9,N4(P)KMg,nil,*,N4,192,20/04/2010,*,*,*,*,192,(P),*,K,14/09/2009,Mg,14/09/2009,13/10/2009,31/08/2010,Hereward,0.006,6.47,2.82,2.346,0.468,129.018,11.218,*
2011,9,N4(P)KMg,nil,*,N4,192,13/04/2011,*,*,*,*,192,(P),*,K,07/10/2010,Mg,07/10/2010,19/10/2010,15/08/2011,Hereward,0.006,4.83,1.74,2.907,0.663,119.347,9.806,*
2012,9,N4(P)KMg,nil,*,N4,192,17/04/2012,*,*,*,*,192,(P),*,K,27/09/2011,Mg,27/09/2011,11/10/2011,20/08/2012,Hereward,0.006,6.36,3.52,2.046,0.665,110.607,19.897,*
2013,9,N4(P)KMg,nil,*,N4,192,24/04/2013,*,*,*,*,192,(P),*,K,28/09/2012,Mg,28/09/2012,22/02/2013,29/08/2013,Crusoe,0.006,6.08,2.54,2.206,0.533,114.006,11.507,*
2014,9,N4(P)KMg,nil,*,N4,192,03/04/2014,*,*,*,*,192,(P),*,K,30/09/2013,Mg,30/09/2013,18/10/2013,20/08/2014,Crusoe,0.006,7.51,4.27,2,0.419,127.67,15.208,*
2015,9,N4(P)KMg,nil,*,N4,192,17/04/2015,*,*,*,*,192,(P),*,K,02/10/2014,Mg,02/10/2014,09/03/2015,26/09/2015,Mulika,0.006,6.34,3.53,2.249,0.56,121.199,16.803,3
2001,10,N4,nil,*,N4,192,04/05/2001,*,*,*,*,192,nil,*,nil,*,nil,*,16/01/2001,23/08/2001,Hereward,0.007,1.49,0.94,2.498,0.66,31.637,5.273,*
2002,10,N4,nil,*,N4,192,24/04/2002,*,*,*,*,192,nil,*,nil,*,nil,*,28/09/2001,14/08/2002,Hereward,0.006,0.66,0.45,2.23,0.83,12.51,3.175,*
2003,10,N4,nil,*,N4,192,15/04/2003,*,*,*,*,192,nil,*,nil,*,nil,*,04/10/2002,05/08/2003,Hereward,0.006,2.7,1.37,2.17,0.46,49.802,5.357,*
2004,10,N4,nil,*,N4,192,07/05/2004,*,*,*,*,192,nil,*,nil,*,nil,*,30/09/2003,02/09/2004,Hereward,0.006,2.26,1.14,2.24,0.47,43.03,4.554,*
2005,10,N4,nil,*,N4,192,14/04/2005,*,*,*,*,192,nil,*,nil,*,nil,*,05/11/2004,10/08/2005,Hereward,0.006,3.05,0.69,2.16,0.47,55.998,2.757,*
2006,10,N4,nil,*,N4,192,20/04/2006,*,*,*,*,192,nil,*,nil,*,nil,*,11/10/2005,23/08/2006,Hereward,0.006,3.04,1.22,2.23,0.47,57.623,4.874,*
2007,10,N4,nil,*,N4,192,24/04/2007,*,*,*,*,192,nil,*,nil,*,nil,*,01/11/2006,26/08/2007,Hereward,0.006,1.11,0.3,2.46,0.66,23.21,1.683,*
2008,10,N4,nil,*,N4,192,17/04/2008,*,*,*,*,192,nil,*,nil,*,nil,*,15/10/2007,26/08/2008,Hereward,0.006,2.66,1.2,2.01,0.431,45.446,4.396,*
2009,10,N4,nil,*,N4,192,21/04/2009,*,*,*,*,192,nil,*,nil,*,nil,*,17/10/2008,14/08/2009,Hereward,0.006,1.06,0.62,2.303,0.505,20.75,2.661,*
2010,10,N4,nil,*,N4,192,20/04/2010,*,*,*,*,192,nil,*,nil,*,nil,*,13/10/2009,31/08/2010,Hereward,0.006,1.67,0.89,2.441,0.449,34.65,3.397,*
2011,10,N4,nil,*,N4,192,13/04/2011,*,*,*,*,192,nil,*,nil,*,nil,*,19/10/2010,15/08/2011,Hereward,0.006,1.7,0.73,2.39,0.609,34.535,3.779,*
2012,10,N4,nil,*,N4,192,17/04/2012,*,*,*,*,192,nil,*,nil,*,nil,*,11/10/2011,20/08/2012,Hereward,0.006,1.48,0.75,2.235,0.597,28.116,3.806,*
2013,10,N4,nil,*,N4,192,24/04/2013,*,*,*,*,192,nil,*,nil,*,nil,*,22/02/2013,29/08/2013,Crusoe,0.006,2.88,0.58,2.283,0.449,55.888,2.214,*
2014,10,N4,nil,*,N4,192,03/04/2014,*,*,*,*,192,nil,*,nil,*,nil,*,18/10/2013,20/08/2014,Crusoe,0.006,2.34,1.63,2.193,0.603,43.619,8.355,*
2015,10,N4,nil,*,N4,192,17/04/2015,*,*,*,*,192,nil,*,nil,*,nil,*,09/03/2015,26/09/2015,Mulika,0.006,4.11,1.38,2.537,0.477,88.63,5.595,3
2001,11,N4PMg,nil,*,N4,192,04/05/2001,*,*,*,*,192,P,04/10/2000,nil,*,Mg,04/10/2000,16/01/2001,23/08/2001,Hereward,0.007,1.96,1.39,2.149,0.879,35.802,10.385,*
2002,11,N4PMg,nil,*,N4,192,24/04/2002,*,*,*,*,192,P,12/09/2001,nil,*,Mg,12/09/2001,28/09/2001,14/08/2002,Hereward,0.006,4.45,1.9,1.92,0.7,72.624,11.305,*
2003,11,N4PMg,nil,*,N4,192,15/04/2003,*,*,*,*,192,P,01/10/2002,nil,*,Mg,01/10/2002,04/10/2002,05/08/2003,Hereward,0.006,3.97,1.42,2.01,0.73,67.827,8.811,*
2004,11,N4PMg,nil,*,N4,192,07/05/2004,*,*,*,*,192,P,23/09/2003,nil,*,Mg,23/09/2003,30/09/2003,02/09/2004,Hereward,0.006,4.86,1.88,1.95,0.65,80.555,10.387,*
2005,11,N4PMg,nil,*,N4,192,14/04/2005,*,*,*,*,192,P,13/10/2004,nil,*,Mg,13/10/2004,05/11/2004,10/08/2005,Hereward,0.006,4.05,1.07,1.97,0.76,67.817,6.912,*
2006,11,N4PMg,nil,*,N4,192,20/04/2006,*,*,*,*,192,P,28/09/2005,nil,*,Mg,28/09/2005,11/10/2005,23/08/2006,Hereward,0.006,5.54,2.14,2.15,0.82,101.243,14.916,*
2007,11,N4PMg,nil,*,N4,192,24/04/2007,*,*,*,*,192,P,09/10/2006,nil,*,Mg,09/10/2006,01/11/2006,26/08/2007,Hereward,0.006,2.54,0.56,2.24,0.92,48.362,4.379,*
2008,11,N4PMg,nil,*,N4,192,17/04/2008,*,*,*,*,192,P,01/10/2007,nil,*,Mg,01/10/2007,15/10/2007,26/08/2008,Hereward,0.006,3.39,1.14,1.97,0.874,56.766,8.469,*
2009,11,N4PMg,nil,*,N4,192,21/04/2009,*,*,*,*,192,P,29/09/2008,nil,*,Mg,29/09/2008,17/10/2008,14/08/2009,Hereward,0.006,4.59,1.88,2.124,0.554,82.868,8.853,*
2010,11,N4PMg,nil,*,N4,192,20/04/2010,*,*,*,*,192,P,14/09/2009,nil,*,Mg,14/09/2009,13/10/2009,31/08/2010,Hereward,0.006,4.98,1.94,2.162,0.517,91.517,8.525,*
2011,11,N4PMg,nil,*,N4,192,13/04/2011,*,*,*,*,192,P,07/10/2010,nil,*,Mg,07/10/2010,19/10/2010,15/08/2011,Hereward,0.006,4.33,1.54,2.357,0.732,86.749,9.582,*
2012,11,N4PMg,nil,*,N4,192,17/04/2012,*,*,*,*,192,P,27/09/2011,nil,*,Mg,27/09/2011,11/10/2011,20/08/2012,Hereward,0.006,3.29,1.28,2.219,0.949,62.054,10.325,*
2013,11,N4PMg,nil,*,N4,192,24/04/2013,*,*,*,*,192,P,28/09/2012,nil,*,Mg,28/09/2012,22/02/2013,29/08/2013,Crusoe,0.006,4.35,1.39,2.039,0.703,75.392,8.306,*
2014,11,N4PMg,nil,*,N4,192,03/04/2014,*,*,*,*,192,P,30/09/2013,nil,*,Mg,30/09/2013,18/10/2013,20/08/2014,Crusoe,0.006,6.08,3.59,2.231,0.62,115.298,18.919,*
2015,11,N4PMg,nil,*,N4,192,17/04/2015,*,*,*,*,192,P,02/10/2014,nil,*,Mg,02/10/2014,09/03/2015,26/09/2015,Mulika,0.006,4.9,1.82,2.273,0.612,94.67,9.468,3
2001,12,N1+3+1(P)K2Mg2,nil,*,N1+N3+N1,48,26/03/2001,144,04/05/2001,48,31/05/2001,240,(P),*,K2,04/10/2000,Mg2,04/10/2000,16/01/2001,23/08/2001,Hereward,0.007,5.24,3.32,2.327,0.607,103.645,17.13,"1,2"
2002,12,N1+3+1(P)K2Mg2,nil,*,N1+N3+N1,48,26/03/2002,144,24/04/2002,48,23/05/2002,240,(P),*,K2,12/09/2001,Mg2,12/09/2001,28/09/2001,14/08/2002,Hereward,0.006,5.05,2.54,2.18,0.67,93.576,14.465,*
2003,12,N1+3+1(P)K2Mg2,nil,*,N1+N3+N1,48,12/03/2003,144,15/04/2003,48,07/05/2003,240,(P),*,K2,01/10/2002,Mg2,01/10/2002,04/10/2002,05/08/2003,Hereward,0.006,7.15,3.32,2.45,0.55,148.899,15.521,*
2004,12,N1+3+1(P)K2Mg2,nil,*,N1+N3+N1,48,17/03/2004,144,07/05/2004,48,25/05/2004,240,(P),*,K2,23/09/2003,Mg2,23/09/2003,30/09/2003,02/09/2004,Hereward,0.006,5.78,3.28,2.51,0.6,123.316,16.728,*
2005,12,N1+3+1(P)K2Mg2,nil,*,N1+N3+N1,48,07/03/2005,144,14/04/2005,48,10/05/2005,240,(P),*,K2,13/10/2004,Mg2,13/10/2004,05/11/2004,10/08/2005,Hereward,0.006,7,2.95,2.13,0.56,126.735,14.042,*
2006,12,N1+3+1(P)KMg,nil,*,N1+N3+N1,48,13/03/2006,144,20/04/2006,48,17/05/2006,240,(P),*,K,28/09/2005,Mg,28/09/2005,11/10/2005,23/08/2006,Hereward,0.006,8.22,4.49,2.3,0.49,160.701,18.701,*
2007,12,N1+3+1(P)KMg,nil,*,N1+N3+N1,48,14/03/2007,144,24/04/2007,48,22/05/2007,240,(P),*,K,09/10/2006,Mg,09/10/2006,01/11/2006,26/08/2007,Hereward,0.006,4.82,1.38,2.38,0.81,97.509,9.501,*
2008,12,N1+3+1(P)KMg,nil,*,N1+N3+N1,48,18/03/2008,144,17/04/2008,48,15/05/2008,240,(P),*,K,01/10/2007,Mg,01/10/2007,15/10/2007,26/08/2008,Hereward,0.006,8.41,4.08,2.2,0.567,157.267,19.664,*
2009,12,N1+3+1(P)KMg,nil,*,N1+N3+N1,48,09/03/2009,144,21/04/2009,48,13/05/2009,240,(P),*,K,29/09/2008,Mg,29/09/2008,17/10/2008,14/08/2009,Hereward,0.006,4.98,2.66,2.712,0.701,114.799,15.85,*
2010,12,N1+3+1(P)KMg,nil,*,N1+N3+N1,48,19/03/2010,144,20/04/2010,48,17/05/2010,240,(P),*,K,14/09/2009,Mg,14/09/2009,13/10/2009,31/08/2010,Hereward,0.006,7.12,3.61,2.431,0.499,147.124,15.312,*
2011,12,N1+3+1(P)KMg,nil,*,N1+N3+N1,48,15/03/2011,144,13/04/2011,48,12/05/2011,240,(P),*,K,07/10/2010,Mg,07/10/2010,19/10/2010,15/08/2011,Hereward,0.006,5.44,2.17,2.917,0.753,134.882,13.889,*
2012,12,N1+3+1(P)KMg,nil,*,N1+N3+N1,48,15/03/2012,144,17/04/2012,48,22/05/2012,240,(P),*,K,27/09/2011,Mg,27/09/2011,11/10/2011,20/08/2012,Hereward,0.006,6.49,4.02,2.336,1.145,128.865,39.125,*
2013,12,N1+3+1(P)KMg,nil,*,N1+N3+N1,48,12/03/2013,144,24/04/2013,48,21/05/2013,240,(P),*,K,28/09/2012,Mg,28/09/2012,22/02/2013,29/08/2013,Crusoe,0.006,5.87,2.06,2.34,0.616,116.754,10.786,*
2014,12,N1+3+1(P)KMg,nil,*,N1+N3+N1,48,10/03/2014,144,03/04/2014,48,20/05/2014,240,(P),*,K,30/09/2013,Mg,30/09/2013,18/10/2013,20/08/2014,Crusoe,0.006,8.35,5.26,2.167,0.488,153.803,21.818,*
2015,12,N1+3+1(P)KMg,nil,*,N1+N3+N1,48,09/04/2015,144,17/04/2015,48,08/05/2015,240,(P),*,K,02/10/2014,Mg,02/10/2014,09/03/2015,26/09/2015,Mulika,0.006,6.59,3.4,2.514,0.602,140.822,17.398,3
2001,13,N4PK,nil,*,N4,192,04/05/2001,*,*,*,*,192,P,04/10/2000,K,04/10/2000,nil,*,16/01/2001,23/08/2001,Hereward,0.007,4.27,2.86,2.382,0.643,86.455,15.631,*
2002,13,N4PK,nil,*,N4,192,24/04/2002,*,*,*,*,192,P,12/09/2001,K,12/09/2001,nil,*,28/09/2001,14/08/2002,Hereward,0.006,5.31,2.63,1.9,0.5,85.756,11.178,*
2003,13,N4PK,nil,*,N4,192,15/04/2003,*,*,*,*,192,P,01/10/2002,K,01/10/2002,nil,*,04/10/2002,05/08/2003,Hereward,0.006,6.57,2.97,2.42,0.56,135.145,14.137,*
2004,13,N4PK,nil,*,N4,192,07/05/2004,*,*,*,*,192,P,23/09/2003,K,23/09/2003,nil,*,30/09/2003,02/09/2004,Hereward,0.006,5.17,1.93,2.63,0.59,115.575,9.679,*
2005,13,N4PK,nil,*,N4,192,14/04/2005,*,*,*,*,192,P,13/10/2004,K,13/10/2004,nil,*,05/11/2004,10/08/2005,Hereward,0.006,6.23,1.99,2.01,0.49,106.44,8.288,*
2006,13,N4PK,nil,*,N4,192,20/04/2006,*,*,*,*,192,P,28/09/2005,K,28/09/2005,nil,*,11/10/2005,23/08/2006,Hereward,0.006,7.03,3.57,2.16,0.44,129.071,13.352,*
2007,13,N4PK,nil,*,N4,192,24/04/2007,*,*,*,*,192,P,09/10/2006,K,09/10/2006,nil,*,01/11/2006,26/08/2007,Hereward,0.006,4.29,1.23,2.12,0.74,77.306,7.737,*
2008,13,N4PK,nil,*,N4,192,17/04/2008,*,*,*,*,192,P,01/10/2007,K,01/10/2007,nil,*,15/10/2007,26/08/2008,Hereward,0.006,7.62,3.55,2.136,0.576,138.349,17.381,*
2009,13,N4PK,nil,*,N4,192,21/04/2009,*,*,*,*,192,P,29/09/2008,K,29/09/2008,nil,*,17/10/2008,14/08/2009,Hereward,0.006,3.81,1.66,2.965,0.651,96.022,9.186,*
2010,13,N4PK,nil,*,N4,192,20/04/2010,*,*,*,*,192,P,14/09/2009,K,14/09/2009,nil,*,13/10/2009,31/08/2010,Hereward,0.006,6.23,2.75,2.531,0.442,134.029,10.332,*
2011,13,N4PK,nil,*,N4,192,13/04/2011,*,*,*,*,192,P,07/10/2010,K,07/10/2010,nil,*,19/10/2010,15/08/2011,Hereward,0.006,4.62,1.8,2.898,0.9,113.804,13.77,*
2012,13,N4PK,nil,*,N4,192,17/04/2012,*,*,*,*,192,P,27/09/2011,K,27/09/2011,nil,*,11/10/2011,20/08/2012,Hereward,0.006,6.12,3.03,1.995,0.629,103.78,16.2,*
2013,13,N4PK,nil,*,N4,192,24/04/2013,*,*,*,*,192,P,28/09/2012,K,28/09/2012,nil,*,22/02/2013,29/08/2013,Crusoe,0.006,5.84,1.85,2.224,0.628,110.399,9.875,*
2014,13,N4PK,nil,*,N4,192,03/04/2014,*,*,*,*,192,P,30/09/2013,K,30/09/2013,nil,*,18/10/2013,20/08/2014,Crusoe,0.006,7.63,4.05,1.975,0.449,128.089,15.457,*
2015,13,N4PK,nil,*,N4,192,17/04/2015,*,*,*,*,192,P,02/10/2014,K,02/10/2014,nil,*,09/03/2015,26/09/2015,Mulika,0.006,5.41,3.36,2.405,0.636,110.594,18.164,3
2001,14,N4PK*(Mg*),nil,*,N4,192,04/05/2001,*,*,*,*,192,P,04/10/2000,K*,04/10/2000,(Mg*),*,16/01/2001,23/08/2001,Hereward,0.007,4.95,2.84,2.279,0.545,95.889,13.156,*
2002,14,N4PK*(Mg*),nil,*,N4,192,24/04/2002,*,*,*,*,192,P,12/09/2001,K*,12/09/2001,(Mg*),*,28/09/2001,14/08/2002,Hereward,0.006,5.44,2.37,1.95,0.54,90.168,10.878,*
2003,14,N4PK*(Mg*),nil,*,N4,192,15/04/2003,*,*,*,*,192,P,01/10/2002,K*,01/10/2002,(Mg*),*,04/10/2002,05/08/2003,Hereward,0.006,7,2.88,2.37,0.46,141.015,11.261,*
2004,14,N4PK*(Mg*),nil,*,N4,192,07/05/2004,*,*,*,*,192,P,23/09/2003,K*,23/09/2003,(Mg*),*,30/09/2003,02/09/2004,Hereward,0.006,5.17,2.01,2.52,0.55,110.741,9.397,*
2005,14,N4PK*(Mg*),nil,*,N4,192,14/04/2005,*,*,*,*,192,P,13/10/2004,K*,13/10/2004,(Mg*),*,05/11/2004,10/08/2005,Hereward,0.006,7.04,2.85,2.07,0.46,123.869,11.143,*
2006,14,N4PK*(Mg*),nil,*,N4,192,20/04/2006,*,*,*,*,192,P,28/09/2005,K*,28/09/2005,(Mg*),*,11/10/2005,23/08/2006,Hereward,0.006,7.52,3.34,2.21,0.43,141.263,12.208,*
2007,14,N4PK*(Mg*),nil,*,N4,192,24/04/2007,*,*,*,*,192,P,09/10/2006,K*,09/10/2006,(Mg*),*,01/11/2006,26/08/2007,Hereward,0.006,4.31,0.92,2.22,0.75,81.33,5.865,*
2008,14,N4PK*(Mg*),nil,*,N4,192,17/04/2008,*,*,*,*,192,P,01/10/2007,K*,01/10/2007,(Mg*),*,15/10/2007,26/08/2008,Hereward,0.006,7.74,3.16,2.11,0.505,138.817,13.564,*
2009,14,N4PK*(Mg*),nil,*,N4,192,21/04/2009,*,*,*,*,192,P,29/09/2008,K*,29/09/2008,(Mg*),*,17/10/2008,14/08/2009,Hereward,0.006,3.66,1.76,2.622,0.73,81.57,10.921,*
2010,14,N4PK*(Mg*),nil,*,N4,192,20/04/2010,*,*,*,*,192,P,14/09/2009,K*,14/09/2009,(Mg*),*,13/10/2009,31/08/2010,Hereward,0.006,6.6,3.06,2.271,0.439,127.403,11.418,*
2011,14,N4PK*(Mg*),nil,*,N4,192,13/04/2011,*,*,*,*,192,P,07/10/2010,K*,07/10/2010,(Mg*),*,19/10/2010,15/08/2011,Hereward,0.006,5.33,2.04,2.769,0.713,125.45,12.363,*
2012,14,N4PK*(Mg*),nil,*,N4,192,17/04/2012,*,*,*,*,192,P,27/09/2011,K*,27/09/2011,(Mg*),*,11/10/2011,20/08/2012,Hereward,0.006,6.15,3.18,2.042,0.72,106.746,19.462,*
2013,14,N4PK*(Mg*),nil,*,N4,192,24/04/2013,*,*,*,*,192,P,28/09/2012,K*,28/09/2012,(Mg*),*,22/02/2013,29/08/2013,Crusoe,0.006,6.56,2.15,2.133,0.398,118.936,7.273,*
2014,14,N4PK*(Mg*),nil,*,N4,192,03/04/2014,*,*,*,*,192,P,30/09/2013,K*,30/09/2013,(Mg*),*,18/10/2013,20/08/2014,Crusoe,0.006,5.48,3.2,2.105,0.659,98.051,17.925,*
2015,14,N4PK*(Mg*),nil,*,N4,192,17/04/2015,*,*,*,*,192,P,02/10/2014,K*,02/10/2014,(Mg*),*,09/03/2015,26/09/2015,Mulika,0.006,7.01,2.91,2.348,0.54,139.906,13.357,3
2001,15,N5(P)KMg,nil,*,N5,240,04/05/2001,*,*,*,*,240,(P),*,K,04/10/2000,Mg,04/10/2000,16/01/2001,23/08/2001,Hereward,0.007,4.95,2.8,2.507,0.741,105.482,17.636,*
2002,15,N5(P)KMg,nil,*,N5,240,24/04/2002,*,*,*,*,240,(P),*,K,12/09/2001,Mg,12/09/2001,28/09/2001,14/08/2002,Hereward,0.006,4.02,2.05,2.36,0.68,80.641,11.849,*
2003,15,N5(P)KMg,nil,*,N5,240,15/04/2003,*,*,*,*,240,(P),*,K,01/10/2002,Mg,01/10/2002,04/10/2002,05/08/2003,Hereward,0.006,7.72,3.33,2.54,0.58,166.675,16.417,*
2004,15,N5(P)KMg,nil,*,N5,240,07/05/2004,*,*,*,*,240,(P),*,K,23/09/2003,Mg,23/09/2003,30/09/2003,02/09/2004,Hereward,0.006,3.43,1.38,2.78,0.6,81.051,7.038,*
2005,15,N5(P)KMg,nil,*,N5,240,14/04/2005,*,*,*,*,240,(P),*,K,13/10/2004,Mg,13/10/2004,05/11/2004,10/08/2005,Hereward,0.006,7.14,2.27,2.46,0.57,149.297,10.998,*
2006,15,N5(P)KMg,nil,*,N5,240,20/04/2006,*,*,*,*,240,(P),*,K,28/09/2005,Mg,28/09/2005,11/10/2005,23/08/2006,Hereward,0.006,7.46,3.77,2.51,0.64,159.159,20.509,*
2007,15,N5(P)KMg,nil,*,N5,240,24/04/2007,*,*,*,*,240,(P),*,K,09/10/2006,Mg,09/10/2006,01/11/2006,26/08/2007,Hereward,0.006,3.91,1.19,2.41,0.74,80.096,7.485,*
2008,15,N5(P)KMg,nil,*,N5,240,17/04/2008,*,*,*,*,240,(P),*,K,01/10/2007,Mg,01/10/2007,15/10/2007,26/08/2008,Hereward,0.006,7.65,3.83,2.373,0.634,154.304,20.64,*
2009,15,N5(P)KMg,nil,*,N5,240,21/04/2009,*,*,*,*,240,(P),*,K,29/09/2008,Mg,29/09/2008,17/10/2008,14/08/2009,Hereward,0.006,4.64,2.64,2.848,0.574,112.325,12.881,*
2010,15,N5(P)KMg,nil,*,N5,240,20/04/2010,*,*,*,*,240,(P),*,K,14/09/2009,Mg,14/09/2009,13/10/2009,31/08/2010,Hereward,0.006,6.55,3.06,2.697,0.557,150.155,14.488,*
2011,15,N5(P)KMg,nil,*,N5,240,13/04/2011,*,*,*,*,240,(P),*,K,07/10/2010,Mg,07/10/2010,19/10/2010,15/08/2011,Hereward,0.006,5.15,2.08,2.91,0.729,127.385,12.889,*
2012,15,N5(P)KMg,nil,*,N5,240,17/04/2012,*,*,*,*,240,(P),*,K,27/09/2011,Mg,27/09/2011,11/10/2011,20/08/2012,Hereward,0.006,7.12,4.56,2.218,0.795,134.233,30.814,*
2013,15,N5(P)KMg,nil,*,N5,240,24/04/2013,*,*,*,*,240,(P),*,K,28/09/2012,Mg,28/09/2012,22/02/2013,29/08/2013,Crusoe,0.006,6.76,2.98,2.244,0.588,128.94,14.894,*
2014,15,N5(P)KMg,nil,*,N5,240,03/04/2014,*,*,*,*,240,(P),*,K,30/09/2013,Mg,30/09/2013,18/10/2013,20/08/2014,Crusoe,0.006,8.12,4.66,2.213,0.498,152.741,19.726,*
2015,15,N5(P)KMg,nil,*,N5,240,17/04/2015,*,*,*,*,240,(P),*,K,02/10/2014,Mg,02/10/2014,09/03/2015,26/09/2015,Mulika,0.006,5.81,2.76,2.428,0.603,119.907,14.146,3
2001,16,N6(P)KMg,nil,*,N6,288,04/05/2001,*,*,*,*,288,(P),*,K,04/10/2000,Mg,04/10/2000,16/01/2001,23/08/2001,Hereward,0.007,5.17,3.18,2.543,0.828,111.752,22.381,*
2002,16,N6(P)KMg,nil,*,N6,288,24/04/2002,*,*,*,*,288,(P),*,K,12/09/2001,Mg,12/09/2001,28/09/2001,14/08/2002,Hereward,0.006,7.15,2.99,2.22,0.74,134.921,18.807,*
2003,16,N6(P)KMg,nil,*,N6,288,15/04/2003,*,*,*,*,288,(P),*,K,01/10/2002,Mg,01/10/2002,04/10/2002,05/08/2003,Hereward,0.006,6.94,2.86,2.52,0.6,148.655,14.586,*
2004,16,N6(P)KMg,nil,*,N6,288,07/05/2004,*,*,*,*,288,(P),*,K,23/09/2003,Mg,23/09/2003,30/09/2003,02/09/2004,Hereward,0.006,6.43,2.73,2.71,0.71,148.115,16.476,*
2005,16,N6(P)KMg,nil,*,N6,288,14/04/2005,*,*,*,*,288,(P),*,K,13/10/2004,Mg,13/10/2004,05/11/2004,10/08/2005,Hereward,0.006,7.41,3.56,2.5,0.68,157.463,20.577,*
2006,16,N6(P)KMg,nil,*,N6,288,20/04/2006,*,*,*,*,288,(P),*,K,28/09/2005,Mg,28/09/2005,11/10/2005,23/08/2006,Hereward,0.006,8.15,4.37,2.58,0.8,178.73,29.716,*
2007,16,N6(P)KMg,nil,*,N6,288,24/04/2007,*,*,*,*,288,(P),*,K,09/10/2006,Mg,09/10/2006,01/11/2006,26/08/2007,Hereward,0.006,5.29,1.6,2.56,0.88,115.11,11.968,*
2008,16,N6(P)KMg,nil,*,N6,288,17/04/2008,*,*,*,*,288,(P),*,K,01/10/2007,Mg,01/10/2007,15/10/2007,26/08/2008,Hereward,0.006,8.29,4.14,2.345,0.676,165.24,23.788,*
2009,16,N6(P)KMg,nil,*,N6,288,21/04/2009,*,*,*,*,288,(P),*,K,29/09/2008,Mg,29/09/2008,17/10/2008,14/08/2009,Hereward,0.006,4.53,2.65,2.781,0.606,107.082,13.65,*
2010,16,N6(P)KMg,nil,*,N6,288,20/04/2010,*,*,*,*,288,(P),*,K,14/09/2009,Mg,14/09/2009,13/10/2009,31/08/2010,Hereward,0.006,6.86,3.29,2.616,0.522,152.539,14.598,*
2011,16,N6(P)KMg,nil,*,N6,288,13/04/2011,*,*,*,*,288,(P),*,K,07/10/2010,Mg,07/10/2010,19/10/2010,15/08/2011,Hereward,0.006,5.3,2.27,2.873,0.725,129.429,13.989,*
2012,16,N6(P)KMg,nil,*,N6,288,17/04/2012,*,*,*,*,288,(P),*,K,27/09/2011,Mg,27/09/2011,11/10/2011,20/08/2012,Hereward,0.006,7.06,4.41,2.454,1.056,147.265,39.584,*
2013,16,N6(P)KMg,nil,*,N6,288,24/04/2013,*,*,*,*,288,(P),*,K,28/09/2012,Mg,28/09/2012,22/02/2013,29/08/2013,Crusoe,0.006,6.56,2.19,2.357,0.602,131.426,11.206,*
2014,16,N6(P)KMg,nil,*,N6,288,03/04/2014,*,*,*,*,288,(P),*,K,30/09/2013,Mg,30/09/2013,18/10/2013,20/08/2014,Crusoe,0.006,7.65,4.88,2.434,0.574,158.271,23.81,*
2015,16,N6(P)KMg,nil,*,N6,288,17/04/2015,*,*,*,*,288,(P),*,K,02/10/2014,Mg,02/10/2014,09/03/2015,26/09/2015,Mulika,0.006,5.45,2.93,2.579,0.681,119.472,16.96,3
2001,17,N1+4+1PKMg,nil,*,N1+N4+N1,48,26/03/2001,192,04/05/2001,48,31/05/2001,288,P,04/10/2000,K,04/10/2000,Mg,04/10/2000,16/01/2001,23/08/2001,Hereward,0.007,5.39,4.11,2.434,0.664,111.514,23.197,*
2002,17,N1+4+1PKMg,nil,*,N1+N4+N1,48,26/03/2002,192,24/04/2002,48,23/05/2002,288,P,12/09/2001,K,12/09/2001,Mg,12/09/2001,28/09/2001,14/08/2002,Hereward,0.006,6.12,3.67,2.18,0.59,113.404,18.405,*
2003,17,N1+4+1PKMg,nil,*,N1+N4+N1,48,12/03/2003,192,15/04/2003,48,07/05/2003,288,P,01/10/2002,K,01/10/2002,Mg,01/10/2002,04/10/2002,05/08/2003,Hereward,0.006,6.62,2.36,2.48,0.5,139.55,10.03,*
2004,17,N1+4+1PKMg,nil,*,N1+N4+N1,48,17/03/2004,192,07/05/2004,48,25/05/2004,288,P,23/09/2003,K,23/09/2003,Mg,23/09/2003,30/09/2003,02/09/2004,Hereward,0.006,6.06,3.44,2.6,0.73,133.926,21.345,*
2005,17,N1+4+1PKMg,nil,*,N1+N4+N1,48,07/03/2005,192,14/04/2005,48,10/05/2005,288,P,13/10/2004,K,13/10/2004,Mg,13/10/2004,05/11/2004,10/08/2005,Hereward,0.006,7.13,3.32,2.44,0.58,147.876,16.368,*
2006,17,N1+4+1PKMg,nil,*,N1+N4+N1,48,13/03/2006,192,20/04/2006,48,17/05/2006,288,P,28/09/2005,K,28/09/2005,Mg,28/09/2005,11/10/2005,23/08/2006,Hereward,0.006,7.34,4.06,2.58,0.68,160.966,23.467,*
2007,17,N1+4+1PKMg,nil,*,N1+N4+N1,48,14/03/2007,192,24/04/2007,48,22/05/2007,288,P,09/10/2006,K,09/10/2006,Mg,09/10/2006,01/11/2006,26/08/2007,Hereward,0.006,5.16,1.39,2.66,0.91,116.668,10.752,*
2008,17,N1+4+1PKMg,nil,*,N1+N4+N1,48,18/03/2008,192,17/04/2008,48,15/05/2008,288,P,01/10/2007,K,01/10/2007,Mg,01/10/2007,15/10/2007,26/08/2008,Hereward,0.006,7.87,3.83,2.392,0.646,160.013,21.031,*
2009,17,N1+4+1PKMg,nil,*,N1+N4+N1,48,09/03/2009,192,21/04/2009,48,13/05/2009,288,P,29/09/2008,K,29/09/2008,Mg,29/09/2008,17/10/2008,14/08/2009,Hereward,0.006,4.76,2.94,2.69,0.597,108.837,14.919,*
2010,17,N1+4+1PKMg,nil,*,N1+N4+N1,48,19/03/2010,192,20/04/2010,48,17/05/2010,288,P,14/09/2009,K,14/09/2009,Mg,14/09/2009,13/10/2009,31/08/2010,Hereward,0.006,6.6,3.56,2.537,0.542,142.326,16.401,*
2011,17,N1+4+1PKMg,nil,*,N1+N4+N1,48,15/03/2011,192,13/04/2011,48,12/05/2011,288,P,07/10/2010,K,07/10/2010,Mg,07/10/2010,19/10/2010,15/08/2011,Hereward,0.006,5.38,2.14,2.787,0.707,127.45,12.86,*
2012,17,N1+4+1PKMg,nil,*,N1+N4+N1,48,15/03/2012,192,17/04/2012,48,22/05/2012,288,P,27/09/2011,K,27/09/2011,Mg,27/09/2011,11/10/2011,20/08/2012,Hereward,0.006,6.76,4.62,2.441,1.034,140.26,40.605,*
2013,17,N1+4+1PKMg,nil,*,N1+N4+N1,48,12/03/2013,192,24/04/2013,48,21/05/2013,288,P,28/09/2012,K,28/09/2012,Mg,28/09/2012,22/02/2013,29/08/2013,Crusoe,0.006,6.72,3.2,2.375,0.539,135.66,14.661,*
2014,17,N1+4+1PKMg,nil,*,N1+N4+N1,48,10/03/2014,192,03/04/2014,48,20/05/2014,288,P,30/09/2013,K,30/09/2013,Mg,30/09/2013,18/10/2013,20/08/2014,Crusoe,0.006,8.19,4.6,2.419,0.536,168.399,20.958,*
2015,17,N1+4+1PKMg,nil,*,N1+N4+N1,48,09/04/2015,192,17/04/2015,48,08/05/2015,288,P,02/10/2014,K,02/10/2014,Mg,02/10/2014,09/03/2015,26/09/2015,Mulika,0.006,6.63,3.29,2.609,0.755,147.03,21.114,3
2001,18,N1+2+1PKMg,nil,*,N1+N2+N1,48,26/03/2001,96,04/05/2001,48,31/05/2001,192,P,04/10/2000,K,04/10/2000,Mg,04/10/2000,16/01/2001,23/08/2001,Hereward,0.007,4.93,3.84,2.313,0.49,96.926,15.994,*
2002,18,N1+2+1PKMg,nil,*,N1+N2+N1,48,26/03/2002,96,24/04/2002,48,23/05/2002,192,P,12/09/2001,K,12/09/2001,Mg,12/09/2001,28/09/2001,14/08/2002,Hereward,0.006,3.89,1.82,2.04,0.59,67.453,9.127,*
2003,18,N1+2+1PKMg,nil,*,N1+N2+N1,48,12/03/2003,96,15/04/2003,48,07/05/2003,192,P,01/10/2002,K,01/10/2002,Mg,01/10/2002,04/10/2002,05/08/2003,Hereward,0.006,5.73,1.96,2.4,0.46,116.892,7.664,*
2004,18,N1+2+1PKMg,nil,*,N1+N2+N1,48,17/03/2004,96,07/05/2004,48,25/05/2004,192,P,23/09/2003,K,23/09/2003,Mg,23/09/2003,30/09/2003,02/09/2004,Hereward,0.006,5.27,2.83,2.51,0.68,112.435,16.357,*
2005,18,N1+2+1PKMg,nil,*,N1+N2+N1,48,07/03/2005,96,14/04/2005,48,10/05/2005,192,P,13/10/2004,K,13/10/2004,Mg,13/10/2004,05/11/2004,10/08/2005,Hereward,0.006,6.03,2.85,2.08,0.46,106.61,11.143,*
2006,18,N1+2+1PKMg,nil,*,N1+N2+N1,48,13/03/2006,96,20/04/2006,48,17/05/2006,192,P,28/09/2005,K,28/09/2005,Mg,28/09/2005,11/10/2005,23/08/2006,Hereward,0.006,6.69,3.43,2.18,0.42,123.966,12.245,*
2007,18,N1+2+1PKMg,nil,*,N1+N2+N1,48,14/03/2007,96,24/04/2007,48,22/05/2007,192,P,09/10/2006,K,09/10/2006,Mg,09/10/2006,01/11/2006,26/08/2007,Hereward,0.006,3.77,1.04,2.48,0.79,79.472,6.984,*
2008,18,N1+2+1PKMg,nil,*,N1+N2+N1,48,18/03/2008,96,17/04/2008,48,15/05/2008,192,P,01/10/2007,K,01/10/2007,Mg,01/10/2007,15/10/2007,26/08/2008,Hereward,0.006,7.06,4.07,2.128,0.491,127.701,16.986,*
2009,18,N1+2+1PKMg,nil,*,N1+N2+N1,48,09/03/2009,96,21/04/2009,48,13/05/2009,192,P,29/09/2008,K,29/09/2008,Mg,29/09/2008,17/10/2008,14/08/2009,Hereward,0.006,3.62,2.25,2.556,0.562,78.648,10.748,*
2010,18,N1+2+1PKMg,nil,*,N1+N2+N1,48,19/03/2010,96,20/04/2010,48,17/05/2010,192,P,14/09/2009,K,14/09/2009,Mg,14/09/2009,13/10/2009,31/08/2010,Hereward,0.006,6.15,3.28,2.321,0.489,121.33,13.633,*
2011,18,N1+2+1PKMg,nil,*,N1+N2+N1,48,15/03/2011,96,13/04/2011,48,12/05/2011,192,P,07/10/2010,K,07/10/2010,Mg,07/10/2010,19/10/2010,15/08/2011,Hereward,0.006,4.72,1.94,2.736,0.554,109.768,9.135,*
2012,18,N1+2+1PKMg,nil,*,N1+N2+N1,48,15/03/2012,96,17/04/2012,48,22/05/2012,192,P,27/09/2011,K,27/09/2011,Mg,27/09/2011,11/10/2011,20/08/2012,Hereward,0.006,6.62,4,2.2,0.763,123.794,25.942,*
2013,18,N1+2+1PKMg,nil,*,N1+N2+N1,48,12/03/2013,96,24/04/2013,48,21/05/2013,192,P,28/09/2012,K,28/09/2012,Mg,28/09/2012,22/02/2013,29/08/2013,Crusoe,0.006,6.58,2.84,2.079,0.473,116.278,11.418,*
2014,18,N1+2+1PKMg,nil,*,N1+N2+N1,48,10/03/2014,96,03/04/2014,48,20/05/2014,192,P,30/09/2013,K,30/09/2013,Mg,30/09/2013,18/10/2013,20/08/2014,Crusoe,0.006,6.02,3.86,2.188,0.5,111.96,16.405,*
2015,18,N1+2+1PKMg,nil,*,N1+N2+N1,48,09/04/2015,96,17/04/2015,48,08/05/2015,192,P,02/10/2014,K,02/10/2014,Mg,02/10/2014,09/03/2015,26/09/2015,Mulika,0.006,6.79,3.67,2.389,0.505,137.881,15.753,3
2001,19,N1+1+1KMg,nil,*,N1+N1+N1,48,26/03/2001,48,04/05/2001,48,31/05/2001,144,nil,*,K,04/10/2000,Mg,04/10/2000,16/01/2001,23/08/2001,Hereward,0.007,4.46,2.84,2.19,0.397,83.023,9.584,*
2002,19,N1+1+1KMg,nil,*,N1+N1+N1,48,26/03/2002,48,24/04/2002,48,23/05/2002,144,nil,*,K,12/09/2001,Mg,12/09/2001,28/09/2001,14/08/2002,Hereward,0.006,2.55,2.03,1.86,0.7,40.316,12.078,*
2003,19,N1+1+1KMg,nil,*,N1+N1+N1,48,12/03/2003,48,15/04/2003,48,07/05/2003,144,nil,*,K,01/10/2002,Mg,01/10/2002,04/10/2002,05/08/2003,Hereward,0.006,5.5,2.16,2.23,0.41,104.252,7.528,*
2004,19,N1+1+1KMg,nil,*,N1+N1+N1,48,17/03/2004,48,07/05/2004,48,25/05/2004,144,nil,*,K,23/09/2003,Mg,23/09/2003,30/09/2003,02/09/2004,Hereward,0.006,4.03,2.72,2.22,0.54,76.046,12.485,*
2005,19,N1+1+1KMg,nil,*,N1+N1+N1,48,07/03/2005,48,14/04/2005,48,10/05/2005,144,nil,*,K,13/10/2004,Mg,13/10/2004,05/11/2004,10/08/2005,Hereward,0.006,5.47,2.55,1.79,0.36,83.226,7.803,*
2006,19,N1+1+1KMg,nil,*,N1+N1+N1,48,13/03/2006,48,20/04/2006,48,17/05/2006,144,nil,*,K,28/09/2005,Mg,28/09/2005,11/10/2005,23/08/2006,Hereward,0.006,6.32,3.05,1.98,0.41,106.366,10.629,*
2007,19,N1+1+1KMg,nil,*,N1+N1+N1,48,14/03/2007,48,24/04/2007,48,22/05/2007,144,nil,*,K,09/10/2006,Mg,09/10/2006,01/11/2006,26/08/2007,Hereward,0.006,3.91,1.15,2.24,0.61,74.446,5.963,*
2008,19,N1+1+1KMg,nil,*,N1+N1+N1,48,18/03/2008,48,17/04/2008,48,15/05/2008,144,nil,*,K,01/10/2007,Mg,01/10/2007,15/10/2007,26/08/2008,Hereward,0.006,6.5,2.74,2.017,0.435,111.439,10.131,*
2009,19,N1+1+1KMg,nil,*,N1+N1+N1,48,09/03/2009,48,21/04/2009,48,13/05/2009,144,nil,*,K,29/09/2008,Mg,29/09/2008,17/10/2008,14/08/2009,Hereward,0.006,3.27,2.9,2.479,0.502,68.904,12.374,*
2010,19,N1+1+1KMg,nil,*,N1+N1+N1,48,19/03/2010,48,20/04/2010,48,17/05/2010,144,nil,*,K,14/09/2009,Mg,14/09/2009,13/10/2009,31/08/2010,Hereward,0.006,4.57,2.49,2.234,0.413,86.78,8.741,*
2011,19,N1+1+1KMg,nil,*,N1+N1+N1,48,15/03/2011,48,13/04/2011,48,12/05/2011,144,nil,*,K,07/10/2010,Mg,07/10/2010,19/10/2010,15/08/2011,Hereward,0.006,3.96,1.93,2.627,0.526,88.425,8.629,*
2012,19,N1+1+1KMg,nil,*,N1+N1+N1,48,15/03/2012,48,17/04/2012,48,22/05/2012,144,nil,*,K,27/09/2011,Mg,27/09/2011,11/10/2011,20/08/2012,Hereward,0.006,5.66,3.23,2.157,0.551,103.773,15.128,*
2013,19,N1+1+1KMg,nil,*,N1+N1+N1,48,12/03/2013,48,24/04/2013,48,21/05/2013,144,nil,*,K,28/09/2012,Mg,28/09/2012,22/02/2013,29/08/2013,Crusoe,0.006,4.94,2.13,2.192,0.462,92.042,8.365,*
2014,19,N1+1+1KMg,nil,*,N1+N1+N1,48,10/03/2014,48,03/04/2014,48,20/05/2014,144,nil,*,K,30/09/2013,Mg,30/09/2013,18/10/2013,20/08/2014,Crusoe,0.006,5.33,3.62,2.058,0.413,93.238,12.708,*
2015,19,N1+1+1KMg,nil,*,N1+N1+N1,48,09/04/2015,48,17/04/2015,48,08/05/2015,144,nil,*,K,02/10/2014,Mg,02/10/2014,09/03/2015,26/09/2015,Mulika,0.006,5.91,2.7,2.41,0.493,121.066,11.314,3
2001,20,N4KMg,nil,*,N4,192,04/05/2001,*,*,*,*,192,nil,*,K,04/10/2000,Mg,04/10/2000,16/01/2001,23/08/2001,Hereward,0.007,1.3,0.97,2.719,0.657,30.045,5.417,*
2002,20,N4KMg,nil,*,N4,192,24/04/2002,*,*,*,*,192,nil,*,K,12/09/2001,Mg,12/09/2001,28/09/2001,14/08/2002,Hereward,0.006,0.14,0.09,2.34,0.86,2.785,0.658,*
2003,20,N4KMg,nil,*,N4,192,15/04/2003,*,*,*,*,192,nil,*,K,01/10/2002,Mg,01/10/2002,04/10/2002,05/08/2003,Hereward,0.006,2.87,1.14,2.22,0.43,54.157,4.167,*
2004,20,N4KMg,nil,*,N4,192,07/05/2004,*,*,*,*,192,nil,*,K,23/09/2003,Mg,23/09/2003,30/09/2003,02/09/2004,Hereward,0.006,1.86,0.48,2.32,0.47,36.679,1.918,*
2005,20,N4KMg,nil,*,N4,192,14/04/2005,*,*,*,*,192,nil,*,K,13/10/2004,Mg,13/10/2004,05/11/2004,10/08/2005,Hereward,0.006,1.63,0.38,2.25,0.5,31.174,1.615,*
2006,20,N4KMg,nil,*,N4,192,20/04/2006,*,*,*,*,192,nil,*,K,28/09/2005,Mg,28/09/2005,11/10/2005,23/08/2006,Hereward,0.006,1.17,0.46,2.34,0.5,23.271,1.955,*
2007,20,N4KMg,nil,*,N4,192,24/04/2007,*,*,*,*,192,nil,*,K,09/10/2006,Mg,09/10/2006,01/11/2006,26/08/2007,Hereward,0.006,0.41,0.02,2.51,0.67,8.747,0.114,*
2008,20,N4KMg,nil,*,N4,192,17/04/2008,*,*,*,*,192,nil,*,K,01/10/2007,Mg,01/10/2007,15/10/2007,26/08/2008,Hereward,0.006,0.82,0.37,2.406,0.609,16.77,1.915,*
2009,20,N4KMg,nil,*,N4,192,21/04/2009,*,*,*,*,192,nil,*,K,29/09/2008,Mg,29/09/2008,17/10/2008,14/08/2009,Hereward,0.006,0.68,0.36,2.252,0.582,13.017,1.781,*
2010,20,N4KMg,nil,*,N4,192,20/04/2010,*,*,*,*,192,nil,*,K,14/09/2009,Mg,14/09/2009,13/10/2009,31/08/2010,Hereward,0.006,0.66,0.22,2.422,0.572,13.587,1.07,*
2011,20,N4KMg,nil,*,N4,192,13/04/2011,*,*,*,*,192,nil,*,K,07/10/2010,Mg,07/10/2010,19/10/2010,15/08/2011,Hereward,0.006,0.78,0.25,2.415,0.611,16.011,1.298,*
2012,20,N4KMg,nil,*,N4,192,17/04/2012,*,*,*,*,192,nil,*,K,27/09/2011,Mg,27/09/2011,11/10/2011,20/08/2012,Hereward,0.006,0.14,*,2.431,0.896,2.893,*,*
2013,20,N4KMg,nil,*,N4,192,24/04/2013,*,*,*,*,192,nil,*,K,28/09/2012,Mg,28/09/2012,22/02/2013,29/08/2013,Crusoe,0.006,1.07,0.13,2.413,0.614,21.946,0.678,*
2014,20,N4KMg,nil,*,N4,192,03/04/2014,*,*,*,*,192,nil,*,K,30/09/2013,Mg,30/09/2013,18/10/2013,20/08/2014,Crusoe,0.006,1.02,0.97,2.276,0.613,19.733,5.054,*
2015,20,N4KMg,nil,*,N4,192,17/04/2015,*,*,*,*,192,nil,*,K,02/10/2014,Mg,02/10/2014,09/03/2015,26/09/2015,Mulika,0.006,1.24,0.54,2.779,0.602,29.291,2.763,3
